,f1,f2,f3,f4
0,209.7162626381604,2.4575860419351656,0.3206244137910756,31.51166170271294
1,223.9997216716621,1.756841441253568,0.2615597944926414,26.726427980213305
2,218.07049991694004,1.9529841481973824,0.2467617372271231,28.21342709391324
3,223.9770584451048,1.7052385988103291,0.218572239852357,26.83168402872116
4,215.83069390876625,2.0663917657179853,0.2386253598818268,29.108098310193927
5,211.41281672513068,2.3854233857163445,0.2993055344428378,30.33275906846584
6,220.6276130208986,1.78326764919559,0.2299318529175518,27.51803409580484
7,283.03827521448625,0.4325247544443426,0.0988380769764049,21.34941041292048
8,241.5353481961892,1.1931100453873442,0.1852808496375965,24.51224606355534
9,284.34547493065776,0.7958210557601854,0.1445481215388479,20.26237369317797
10,237.26572372239104,1.3451388696138005,0.189908657415417,24.90195877888506
11,247.84600135964783,1.066662845628786,0.1536002895865732,23.96406664581158
12,235.96515934133865,1.1395321825017422,0.1740234529645189,26.342844293448685
13,268.85035458158313,0.8070749936192099,0.1014665740339353,21.76948942768676
14,276.64667953364307,0.5687161609791958,0.1015112283563153,21.356053449067176
15,238.5231504609152,0.94986331184219,0.157895701282482,25.878761515074228
16,305.7704414220072,0.4823551194814154,0.1100246005263326,19.327974680029712
17,268.027871277804,0.4809563858220124,0.0759034101962452,23.986235926381244
18,248.479482816392,0.6200071461325185,0.1006188280261465,26.32760714283417
19,347.2225785925259,0.4465770868086268,0.0708765571581265,16.88017414144527
20,320.4581418513209,0.1892555691236473,0.0691018352604812,19.51478860073837
21,298.0196909225073,0.5235675569008439,0.0621620258026835,20.04300776682056
22,263.1741353315716,0.627187342976082,0.0827951906147091,23.614191795869395
23,345.6205644397198,0.6020013298510001,0.1192326704468271,16.886803014616973
24,401.60239440736206,0.2301590732393419,0.1332664323798482,16.000041884088038
25,373.60443216535685,0.4956038236190097,0.1935474486807398,16.000056887006956
26,381.09040561134975,0.2297431343858337,0.0604792219058623,16.001223792086464
27,399.3122415921465,0.1101254162735844,0.0714380822350073,16.000957840744906
28,384.4633965697505,0.3821794793808658,0.0625392992492944,16.000388569016287
29,241.7543081504013,1.1487391982982478,0.13653699208596,24.471355467487133
30,542.0337331616284,0.0556910527091373,0.0694041571740343,16.000000034108833
31,528.3073824241173,0.0663767280435745,0.0916454966713725,16.000000034116958
32,228.1497746043148,1.4699693887719858,0.2189433280892662,26.528076858521143
33,631.9720410210483,0.0321742672799845,0.0745086132444501,16.000000043801826
34,477.8637477021852,0.2564141581827964,0.0610015671298515,16.000000064328635
35,268.48498940122755,1.007341712452534,0.1546543112077425,21.48891804261841
36,279.8814634168293,0.9182647565731298,0.1333681397375692,20.63874458166407
37,212.01038255988533,2.2111736037437986,0.2650785059528804,30.80744351884266
38,210.2867769362041,2.4206771308869897,0.2894999179259541,31.50664224872122
39,289.01991589695007,0.8216803397909809,0.121562984700416,19.90928467080216
40,259.01734978805166,1.3192089427727522,0.2613000132181248,22.427924654337616
41,231.21839386516044,1.4961589470323808,0.1819260035516897,25.89726847114889
42,243.51961373266928,1.402851472166434,0.2268147549489061,24.14885192666247
43,495.542536400256,0.1073135922557392,0.1410542024429738,16.000000039978204
44,264.7715588904777,1.2317426970942629,0.2297397749507512,21.9499223284903
45,265.787844649567,1.1414010130967005,0.2120616499816535,21.847286735284044
46,257.9175894555315,0.9319833743198548,0.1456706014823931,22.66820676984915
47,266.5522905775259,0.470802263064478,0.123302031030159,23.170995286638387
48,300.3395550728215,0.7039846771377085,0.1107749833450834,18.963201393406823
49,255.09894888417205,1.1091150096790168,0.2136847847033967,22.874504955137468
50,240.34220293113995,0.8551598556375763,0.1758232627511773,26.53738001129428
51,314.089777169433,0.5507530372236663,0.0806484538287108,18.414483771978023
52,360.4193836385528,0.5041080564517648,0.095605079879295,16.02727124319076
53,260.7619442197874,0.8610202149503917,0.1131860776022597,22.926826715777267
54,317.9331907045997,0.2870274611636241,0.0849507708450659,18.836021793113296
55,228.31960728033312,1.3254207822964263,0.2302738863963428,27.42647264468878
56,226.06918738267427,1.4294631987642874,0.2694509403797844,27.611264397946872
57,244.84685607271985,1.4928065969376898,0.2652719632366004,23.8650077689661
58,273.00998611681496,0.759740747356948,0.1377435467853091,21.200430720990497
59,252.8193104876076,0.6939655493672591,0.1101826930388343,25.02060032490815
60,265.8977134502895,0.899715150305738,0.1171293525451632,21.78462465108081
61,285.1047586859896,0.2636296648804673,0.0739731639287449,23.49929515085183
62,358.94048418911694,0.3320558896147241,0.1153314373420791,16.45344865379471
63,259.87167404950804,0.5290879728270047,0.094752744357836,25.375918968899025
64,250.65691214020643,0.6050312287229764,0.1481830371454893,25.91537641620397
65,290.10732115817086,0.5869969193520237,0.1124849746576973,20.3469792268672
66,211.07533693780047,2.45943639447584,0.3220554492853358,30.453596952412383
67,251.3643064702,1.086869459341374,0.1424992508578049,23.05452922290261
68,228.1801685291333,1.548094052770694,0.2332121087200966,26.04002514020342
69,215.2412336182521,2.154129632138665,0.3093538830375126,28.87801922564315
70,222.7064065108333,1.8222031842001225,0.2862106604753691,27.01640323313832
71,216.51150686644567,2.0821328166481146,0.278632385569789,28.55129971409769
72,208.3998247446493,2.5820567951162205,0.3064407940135671,32.40499644843472
73,301.3534813661868,0.1763170065530052,0.0613469324691851,22.467121826209524
74,621.2577782182603,0.0244616915029004,0.0523779513374074,16.000036094356435
75,684.2408844532803,0.023058283112255,0.0502404519066128,16.00001183675098
76,218.53683085293773,1.8479880564990163,0.172651040240376,30.456036482601583
77,517.737875408039,0.0302975128690141,0.0569033091298658,16.000297371799988
78,246.383159278292,0.562707064859768,0.1271414340770354,26.829166719226937
79,495.55977829411233,0.2612057005536411,0.0373681154383606,16.00016957476745
80,234.59780024050457,1.2498379546608878,0.1029411697532981,28.32521933731364
81,259.22611018113804,0.7918948902911666,0.0695798612655102,24.69326776408001
82,229.18014583897627,1.4146812529795316,0.1203721201056457,28.732365294613423
83,442.05682630166433,0.2669201432446346,0.0386590717301201,16.00034069569201
84,270.25139986158644,0.6677379918139296,0.0601183271182821,23.58385218046861
85,240.50970964708512,1.0907383139744395,0.0941405731613451,26.62513598371305
86,232.08982090432016,1.107594613184828,0.1555644545839107,27.32633084531787
87,244.65069206621675,0.9659581677744712,0.0996526493687041,24.72190762949633
88,226.3828348276809,1.3226066211667933,0.1518631166656406,28.64266036658196
89,561.3637350745284,0.0273237577416584,0.0503022441579992,16.00003286545887
90,216.6402269743672,1.879395845681885,0.2202511916630696,29.934376071562603
91,232.6482792034477,1.221119656621476,0.1271346758293887,27.55151628395978
92,215.17064698618933,2.0154656754440023,0.211240180983891,30.51845375066529
93,213.875743144765,2.056739982271443,0.2395690814490883,30.74808946523445
94,234.00911405074103,0.9765824908526618,0.1413544759463846,27.22630802228258
95,245.2045102618909,0.7646827292122896,0.1096409234147948,25.720397369934933
96,222.21111525435583,1.451135696277086,0.1964988667813549,29.18252757252204
97,221.4882059414682,1.642661982046616,0.169886428596562,28.946305148612545
98,217.7086410718742,1.867965269739441,0.1996827006173818,29.54457683997923
99,248.5543169816116,0.8967393090162927,0.0850796507118892,25.5662688427313
100,218.4449265951595,2.0311695175800217,0.3057060890629616,27.990182296480985
101,213.5305317828303,2.187559813664272,0.2486289720995527,30.14942799764016
102,251.86350685966832,0.6388779905648623,0.1241627296286789,25.69554503695631
103,312.09553168082545,0.421176413148437,0.0652163269220396,19.118988176355
104,326.748128138323,0.6825886972327718,0.1265351746563194,17.468197322581076
105,222.8690616995188,1.6983164593005806,0.2962283890264431,27.041612694367885
106,221.42922558450024,1.9827471081372765,0.3809740746846451,27.15672117948753
107,217.65139014573128,2.15921086307768,0.3944748651354236,28.0365055738242
108,214.26398847990697,2.1139553981765795,0.3734166316647509,29.415806722020307
109,242.1957995518735,1.439476875862887,0.2983186642295299,23.88325091766903
110,216.32323886084689,1.9799013558760084,0.3421102925592059,28.62120614921671
111,239.42576408659053,1.2923936247124923,0.2136042634385418,24.393647123304515
112,241.26139321815987,1.3345631716140107,0.2670795999269603,24.13660017662725
113,236.2379207127865,1.4819762233836868,0.2736605790629884,24.73475999060804
114,256.1675826839456,0.7333580911275867,0.0946831536685112,24.238946626733888
115,337.24578934179766,0.125715137314199,0.1460241281029826,19.6270557960746
116,212.3131856063636,2.1284289261459493,0.2946158444586961,30.622239286783795
117,211.94537266019992,2.2047961154937017,0.3459674645528613,30.696617871727987
118,350.6990696663058,0.6098890659217536,0.1789508084476871,16.325361603185147
119,217.3014698337957,1.8217727440388,0.244985725223177,29.29017665341321
120,316.8227954185052,0.6851028331253382,0.2014570133496613,18.22472769931423
121,226.0858551185988,1.4520766508193166,0.1565555516960181,28.116913814017515
122,234.55186094683376,1.2463530401645937,0.1920788064027034,25.765483221121293
123,248.48965490369068,1.0704444914457876,0.1821745703100904,23.609841618377747
124,218.8631660100816,1.67639638299451,0.2061151577805498,29.173454692611934
125,214.5315379597841,1.9206836560550389,0.2581697480146415,29.63284664637949
126,228.88063662135409,1.2922721377941315,0.1769095936636159,27.89235328927065
127,238.84853553185064,1.1139178536930092,0.1712691788313244,25.127185143733
128,216.09277091337,1.754782067800621,0.2316346697276512,30.07505951336148
129,222.22906042117583,1.6000662748177157,0.2165583976275698,28.16388214768391
130,224.9912109305081,1.5102136932364698,0.1993866998635445,27.5789497950826
131,213.2082521012285,1.945793645866436,0.2652491316221064,30.80505001479306
132,262.9853973897243,0.9723013965521892,0.1811477301005721,22.00726281259256
133,289.96956584932616,0.8033336911760091,0.1762309528342387,19.7392576957304
134,237.3372719560804,0.941782260025869,0.1937350685571484,26.338399253372582
135,226.7389351755004,1.1818048236163317,0.2019320504115519,28.227075034042123
136,273.63426289662874,0.9288425995080032,0.1667254563113958,21.044974135911914
137,211.10989044164583,2.301473635190628,0.2837446460986768,30.74661415716928
138,341.1730215214112,0.6773342221627296,0.1467608444465465,16.776835118550217
139,210.74620615976653,2.194082782821447,0.2835469861947082,31.562890379396283
140,257.3325888842434,1.2280437493568883,0.1947879115441248,22.601454982602863
141,261.290021147077,0.700249449722876,0.1326874658699156,23.06564555694987
142,272.19405733382246,1.035796682616317,0.2069062299656879,21.150032881657147
143,235.99554817079365,1.0004583245133551,0.1686443070757632,26.56227470786385
144,286.4484630541321,0.9359857424507648,0.1628727450966893,19.93277206528088
145,261.78026413812654,1.0435180251407616,0.1371102840713652,22.08686263483916
146,357.5493816136751,0.521769430377175,0.1448125701497133,16.00533956586142
147,310.7284430297581,0.8062279493739931,0.1578364118293189,18.40429244514221
148,366.813210685846,0.1674886977966235,0.0410672980113391,17.42488398411386
149,217.37414259227268,2.1385673500255384,0.371729344038939,28.130366462715426
150,227.84995341223905,1.7925323057199831,0.3414177979933718,25.967277758995
151,222.93490944548265,1.914081679187012,0.3410070966069286,26.81563645347248
152,219.97751135174903,2.0100397379479102,0.3534838028430811,27.46085759095628
153,225.5506749318156,1.782840434725541,0.3000370973918242,26.35790795345501
154,226.7441743861513,1.6837058129338325,0.2831325877194218,26.14452912986112
155,226.8610963099215,1.521600855147247,0.2707966973587886,26.396297251017625
156,210.72404168399515,2.507330638256303,0.3947849817879894,30.229122551463327
157,218.5849454958742,2.046068520764324,0.3247453821924022,27.77527308397768
158,215.5128773832224,2.0047925822178474,0.2955511339263763,28.99339864586148
159,246.50393062061656,1.349389079518184,0.2444348944115425,23.46524928249605
160,207.32587632728,2.8045049418337165,0.3495308794141745,32.58452364196758
161,211.30080525387768,2.453638848159938,0.3648028462032348,30.02160071672348
162,210.0993481086384,2.2898149353219943,0.313324645254459,30.79608949381334
163,232.8674023153932,1.5477032418281478,0.2561487949979895,25.134782430366275
164,463.3723152533028,0.0396269618856073,0.0720811000002986,16.002241900281028
165,228.6435677516852,0.9247530075093208,0.1668569583130282,29.74993605219454
166,222.6056327045945,1.4971817223312838,0.1556950333026005,31.61893648484228
167,230.3219566716117,1.2486266882009007,0.1154773312177458,30.10033674230305
168,217.0489106706825,1.6400481775612008,0.1926264770997242,31.717327361467248
169,402.2962387661564,0.0589695686957288,0.0432315148884096,18.466063427120023
170,222.3540887390828,1.3806446058310409,0.1619680155399209,30.849754437543133
171,253.94875414594392,0.7217091719918506,0.0821482620376842,25.97276095253784
172,221.66378672752063,1.743080928339818,0.1493955353456006,31.035687233870185
173,220.1745839850429,1.476048372834719,0.1728478720540543,30.01262984027908
174,227.4755117954802,1.1230412649537325,0.1577950200555266,28.788225176312626
175,213.7450492154884,1.8703486443301376,0.2401979779532677,30.37574657235596
176,237.0322237373836,0.9034350808771936,0.1234267550072437,26.96660757186192
177,208.4803846886048,2.513481688202948,0.2825108883456194,32.66018291105125
178,614.1131948012617,0.1226411432135813,0.0331380286849604,16.000012272813223
179,219.33836984200693,1.7985969106981534,0.2551233894041096,28.1711368064994
180,612.8636737228579,0.2126614738394845,0.0975521069386835,16.000000029502118
181,218.60979021839088,1.82853565524598,0.2227016455142502,28.76741810157609
182,208.05127668662547,2.6535067862795594,0.3329789369625386,32.14985541258106
183,488.0842284684848,0.0398441984132795,0.060045971957764,16.00001139212206
184,708.5298324759215,0.0208551164023658,0.0348701125866255,16.000619503076255
185,597.7830800036527,0.0318081158327443,0.0904969909889012,16.000000060189564
186,307.4492792665724,0.7061404396376527,0.1767340538564082,18.6246529582554
187,330.1448286479388,0.6261642799047255,0.2076576022777561,17.560514767681063
188,618.7919090757894,0.2159003876504773,0.0655602523979276,16.0000000152516
189,212.70305083189152,2.0170510465471088,0.2824014595575785,30.773551061164227
190,414.65530151616525,0.265900723296729,0.0714152595614736,16.00000005048949
191,258.4542454031997,0.4203987901542684,0.1446124731999888,25.24561117564109
192,297.46733465951337,0.8225371632144162,0.1542955660203928,19.2013802453447
193,259.152518345876,1.3767819989303929,0.3936845362315629,22.39134726980062
194,243.33249078340137,0.9647127687282848,0.136615188069685,25.03320620684744
195,301.5460357513498,1.0073283747167674,0.2336636708875493,18.888671118016205
196,254.6625853643907,0.9032506724994488,0.169044421683883,23.2290581929348
197,241.1674550979808,0.938261861938235,0.1840589595278986,25.25128695670098
198,254.6250449663848,0.6125952291556811,0.1651640774432501,24.00920218583583
199,283.8901940903959,0.551652525492267,0.1332873810694967,20.64289213112576
200,227.76116647222872,1.1909154579802066,0.2349107558142234,27.81582675008461
201,236.76529721455577,1.048186708908098,0.2344223958042016,26.339441142045857
202,269.70241643323544,1.1597143762238715,0.2453297329346052,21.263418611482848
203,356.97869174397266,0.7544031747842636,0.2335031528489112,16.053187444237484
204,313.13644094828464,0.910508953775422,0.2126838419164482,18.29491669114921
205,237.26907873811103,0.733512334225117,0.1877830199839466,28.104118792122296
206,245.28301264172737,0.8594149658046271,0.1983358460065081,24.87383186836941
207,232.17031105133705,1.0477195492900746,0.1717408315575072,27.68987522693113
208,253.07774085006145,0.8450265205766826,0.1126850571620331,23.838677832116232
209,246.23410139132568,0.7996421280178216,0.1303834383323395,24.83761727055036
210,333.1020994382233,0.9304592409678442,0.2971678146679818,17.225757471933555
211,353.5062040057394,0.8047627364773016,0.267519712073614,16.165999703006385
212,353.74027233257016,0.6918027798351749,0.2031853819801498,16.059204715744464
213,243.07983556723823,0.7821935054340337,0.1731257731137706,25.32995284564785
214,264.29654428383844,0.7899123790909804,0.1312281034605804,22.148464319832545
215,314.5340146974521,0.8637304641012502,0.2399207535347893,18.197907574319466
216,355.26634855728383,0.0993146030603277,0.1393847389863695,18.853743873861
217,373.6991792423324,0.0767912177214915,0.0694420418461514,18.136870822192968
218,329.7106902502906,0.1309662354811998,0.0855504281931639,20.555864677643743
219,349.8477809867069,0.0899016543574425,0.0841961437249812,19.82834689890469
220,407.8283257321648,0.0606896925129004,0.0907964903998116,16.750114611907026
221,231.32025100614692,1.4410358118552795,0.210575482060813,25.491005643625265
222,207.18555679440155,2.847324343915176,0.3956456906286711,32.13612823425058
223,207.80269405607007,2.703195954250818,0.3607384494227152,31.77299667879957
224,246.2224848957031,1.254383050088537,0.2051107900103415,23.465689530786268
225,219.03138723083097,2.179620328055408,0.4467028065159835,27.739438995458904
226,225.16361716558288,1.857410468713716,0.3798774857989295,26.41564230637968
227,232.34539846672493,1.3908438832437666,0.2373357047105649,25.49107584993513
228,209.25089637313192,2.680861077213261,0.4092921424138822,30.8730281545492
229,223.3829740524026,1.8621666862170885,0.3175385456345245,26.79461975451002
230,220.32905359275173,1.935938318342121,0.2952758169734189,27.486188490972147
231,207.8539898580813,2.7915205647403685,0.4356680840989404,31.718097690436714
232,206.55386779545248,2.959636483320907,0.4231437517612179,32.716399007265984
233,209.0103612427185,2.581199157000431,0.3628098690145723,30.959821235337166
234,213.0787960419984,2.066609485428105,0.3076721592713629,29.91167783032023
235,207.93488549644792,2.730975471152852,0.4164589063473179,31.66351649716973
236,210.5257798356785,2.201606584614028,0.3280916590935729,31.15603697057353
237,215.7412180908688,2.254274811542397,0.3832891603266237,28.5637680933115
238,217.6910895387624,1.7958421003365248,0.2844196727155411,28.434991232233195
239,218.8723511788965,2.023649367580619,0.4107632616363493,27.815743127409625
240,222.9324895217846,1.6155888040949924,0.3231717372974195,27.4087247124543
241,220.5129552051215,2.116607850319128,0.4270882416369174,27.34085835634708
242,229.7727110157436,1.7430403185116323,0.3713535555366046,25.62217439653964
243,358.5520912917027,0.3242805940885531,0.0555556227796501,16.688449448986855
244,330.46732151182727,0.2145235559999413,0.0603090795658425,18.57757924846974
245,285.399372523221,0.45962910555811,0.0738468613141676,21.26198112539985
246,337.3032468707684,0.3157006848382139,0.0495780430172542,18.13181271573597
247,310.9938288930903,0.300736491435,0.0559185958075973,19.655453875707057
248,299.64381217788656,0.3756961465319863,0.0547687781708945,20.602508840416675
249,440.16147651621225,0.0524051325323205,0.1055025969552746,16.001022232427125
250,588.8681989574173,0.0247099092174341,0.0564102113753355,16.00004975943938
251,354.43049030012435,0.078171330042446,0.0572249966384155,19.969030226713063
252,209.4332309644348,1.929553487242325,0.2746927130278635,32.50113972187759
253,208.29179869762052,2.0562760019093287,0.3013795289235492,32.65981126891734
254,215.1338248398637,1.4839729382553588,0.2642002654599895,30.89915662671391
255,205.93397508375364,2.4056227366579934,0.3207053553512368,33.363359927531185
256,212.5405921825772,1.6628105701573044,0.2510907923204281,31.94192145401715
257,219.94328411987263,1.2203299966276349,0.2260183866862709,30.35428849488085
258,216.38367435254585,1.4030635209644575,0.2226630376519424,31.62944709363856
259,209.2063193347756,2.423810914828173,0.2405522128744105,33.924698757915806
260,357.3023243908624,0.321627022647593,0.0369836606782158,17.697800275638134
261,213.6232052059266,2.0264118843426964,0.1997248487774591,33.128899742101154
262,316.7561872330855,0.4211682746748483,0.0420402155650817,19.91349747139673
263,305.1313864551124,0.4817946945121167,0.0438534166646794,21.28520484832821
264,220.8139502206128,1.8562598777660613,0.1495747640939822,31.684088789414904
265,227.93125255181693,1.5964795805500436,0.1178936718478462,30.906172308488387
266,218.36269787654672,1.929597211620273,0.1659284893664545,31.3693979603837
267,230.4424434976285,1.421746224145357,0.1109364380278341,30.41562972333292
268,209.979671889274,2.0752809046126544,0.2372250137018554,32.28136866290519
269,557.050384593287,0.2322677503641513,0.0296914367735308,16.000802612182397
270,240.63184286126972,1.0851822987545725,0.0846902254714512,28.32037273672716
271,281.30397433384366,0.591686642409573,0.0504518433350516,23.028367779362423
272,325.40723655135514,0.1823329287344562,0.0446857562988968,21.261111170835868
273,534.8663256455704,0.0592385430633542,0.0323183323273249,16.026046352892124
274,311.21262556130347,0.1470830519137272,0.0552115882176437,23.589673199347448
275,573.2154146537778,0.0773048671846199,0.0302669859886006,16.00069298788111
276,215.54727195290056,1.615894644485786,0.2096962794460468,30.863410941037177
277,212.8040837766507,1.8373672605546711,0.2288444837743194,31.152228123525106
278,211.60672720192247,1.950306213769202,0.2462663428513009,31.667673196576573
279,209.06125201639617,2.0996937322355578,0.25804622453348,32.67571095755559
280,207.6824884050188,2.5123743262042164,0.2625869697938839,33.549037981544515
281,740.1150216115503,0.0190333450925122,0.036565987466519,16.000470840674517
282,208.78196234641288,2.2804457298138345,0.2528272645802435,32.66203703706559
283,219.21872784486683,1.5289608616011965,0.184711981417426,31.23921728477413
284,218.6765289324784,1.4959741223416727,0.198449925720581,30.526093774439133
285,209.0734813107232,2.1405780001506924,0.2551391177937359,31.7991405725202
286,214.8270905607679,1.812950933421817,0.2006426320212478,30.885629712381867
287,209.67218329541603,2.0407767840159297,0.2680003995889739,31.990911992629343
288,207.60946299428,2.568392554224353,0.2638565634930013,34.66487902893577
289,217.3893885236788,1.6554352731906326,0.1897369693783711,30.46120567050261
290,231.1930758007977,1.2288010997079286,0.1147677979669847,29.229734138353123
291,222.36575571083472,1.535946755318283,0.1550340171500254,29.888040764287688
292,224.1987140272033,1.358672523570648,0.1494716207486001,29.80844727274864
293,271.06274638642446,0.4300045625917278,0.064840358755898,25.21392710535593
294,257.8676141570063,0.5984014757572428,0.0803864324315143,29.60243468515922
295,280.79609256802786,0.3194753837172415,0.0567730365331903,24.76852807725552
296,277.27457794114014,0.2582455432816851,0.0703006846464552,25.98538639806831
297,245.32061683712053,0.8039308010481779,0.0932191106674461,28.54055906521903
298,205.35585258348792,2.509475419310241,0.3571893799681871,33.92306716020432
299,207.66792409611537,2.133998178712311,0.3217655905421774,33.00048079294117
300,213.0075179950781,2.283922688348028,0.3148503064587657,29.65818186716176
301,213.14113256588217,2.222498209023039,0.2915166521171323,29.699298378799384
302,209.66149816877908,2.5370670585451585,0.303195405655004,31.51087528031325
303,213.40897087591443,2.209531773259085,0.2666177171660916,29.64373461747733
304,220.733941466904,1.8797102529742613,0.2692597674458507,27.440498056257383
305,225.81384508086552,1.628014255487257,0.2055506340848822,26.41592183897001
306,209.40458628802247,2.6001573534812734,0.3249796571300217,31.41472784018819
307,215.0617133451323,2.0789803954940407,0.2604794207549106,29.069699885222345
308,238.4354604053265,1.288492839650135,0.165355550286325,24.599667748182068
309,276.0670041953732,0.442135087318612,0.098128327226128,22.749748886850355
310,279.26356798682946,0.4770931053365664,0.1494324731577725,21.71616232452542
311,338.9060795055242,0.2854264472627075,0.0913425909409437,17.50618312840978
312,393.2906732241705,0.1526257434139179,0.0979516072245774,16.00020941012675
313,252.37354734308937,0.8001483987275614,0.1403333447534337,23.8116364129615
314,232.36737044636047,1.344261186414853,0.1621596787523121,26.061198954974216
315,238.47026471568063,1.208739074915934,0.1441502015671064,25.79122634944438
316,228.18780539723213,1.419396133585973,0.1856333074691696,27.154685265694283
317,219.1098359343001,1.6792763830027873,0.2259073655074793,28.879493932817965
318,252.6283054727563,1.1257048047439364,0.1649219636361315,23.02522906727297
319,247.95052493068533,0.8991352921220008,0.1628827943880327,24.40333667841079
320,317.124318887294,0.5788134025919351,0.1106176379139499,18.350085290898352
321,266.500421412203,0.6242990940463132,0.1127775984091949,22.46176676273993
322,254.84767409689937,1.2644022460195956,0.2259431808569167,22.914409224440583
323,221.87427923805376,1.673769335047596,0.2023153901243075,27.673609544316346
324,277.0039363501654,0.7352624848487926,0.1076280567828364,21.041519894472863
325,221.91380457759223,1.781826542046685,0.1936955796048725,28.16649766729256
326,234.64783949424407,1.0705688019155477,0.2120320648688152,26.85758456747336
327,259.6123422886866,0.790683958057123,0.1980308626795785,23.13311251659185
328,265.91460177784575,0.4032473688069677,0.1332257578356257,24.324674859813307
329,307.1336347241101,0.5817045388030191,0.1247182124649374,18.96724721321125
330,321.8754201708448,0.3175126453316262,0.1090524309825818,18.4988592986261
331,305.2993780829606,0.5255611897186246,0.1761866120859824,19.071489483085905
332,277.4349488821438,0.9514960135142692,0.1850748669012074,20.614797415997053
333,332.36094183518566,0.3859481825082285,0.1216271935090575,17.68620222002263
334,236.58840482639903,0.8963094239467517,0.1578287300760743,27.169608534399824
335,274.5252641736291,0.7357550174135459,0.0831146875062802,21.68909083563917
336,329.77102038844487,0.1354718784898269,0.0569641733867722,20.33431826027056
337,286.67349777721137,0.547993286314257,0.0550726695369351,21.50151333691063
338,334.64530005487336,0.4834660419744799,0.0878188579835278,17.41211841063355
339,279.53335227026645,0.6154596247371515,0.0614761161448532,22.204297214721475
340,288.33814942886124,0.3075127201136981,0.0856373567947221,21.707318598042065
341,252.06656728034417,0.9922816727264364,0.1272131942637105,23.574318708762416
342,237.74093028712804,1.1888035505270351,0.1123658135943311,26.73471017445993
343,283.98666740990416,0.6253493430975808,0.0818077913754571,20.94781126900005
344,289.64581357842064,0.6495453539048868,0.0906132848639164,20.07191002636468
345,285.22848720805774,0.3892807407600454,0.0583360892422765,22.64443397638569
346,245.98869979886985,0.8332155104074984,0.0927328201385486,26.28066711692975
347,276.96653289010595,0.2687882166422917,0.0758138306005584,24.755340365300032
348,258.88476821004485,0.8271879056009357,0.0694279535530714,25.63189021311099
349,237.46147252519413,1.140875193469586,0.0981826421475558,27.677309023479143
350,233.94654679846656,0.8643857463455628,0.1395630704855401,28.8197341326072
351,225.4165998413476,1.5089742395750527,0.1352980469320532,29.06474133344637
352,241.5855246846836,0.8132545046124755,0.1046540327789242,26.970678659330808
353,219.3048923219963,1.743412786207938,0.1826585282915313,29.46691331254926
354,227.63483950979008,1.3751384254840588,0.1396746957411864,27.96215898206141
355,210.82681975019327,2.3699875337978304,0.2622734364539004,31.7755494731092
356,224.74105331730289,1.3057785749625896,0.1718025418733455,29.245666709665336
357,229.24535212628533,1.195594067148366,0.1409930103251407,28.49775074991069
358,348.74793322314457,0.4767374232480295,0.1115341649275968,16.823357028645074
359,347.14004312124774,0.4957559616434617,0.1341990374845703,16.848667785041286
360,318.1369538137846,0.5609560614299323,0.1632030564061612,18.288697259301365
361,349.83632711880546,0.4473360321977958,0.1639557519714396,16.752468096685313
362,349.6422477795619,0.1032785948518334,0.0703823782364707,19.12384848739685
363,285.11592540269976,0.7271249965378895,0.1978287969384103,20.41578214711791
364,312.5474953344986,0.1680934154081908,0.061941815642909,21.235919654747192
365,318.34746213612414,0.4530316206979445,0.1366055777838571,18.369545554168035
366,273.2473401507655,0.6596459702012661,0.259533576325157,21.675259071184648
367,336.21294849359253,0.2361140724270168,0.1175711725384376,17.96698495151302
368,357.8445136676526,0.1369626364420572,0.1207785642836965,17.498960362352985
369,356.30445337560815,0.1029951134603868,0.09771758678403,18.705275926639708
370,312.2555452440312,0.1567112710403295,0.1084095753401572,21.756508120060683
371,305.75139578912336,0.1905779316532007,0.0877281936084901,21.250414928917262
372,211.97853808329668,2.2302197425475208,0.3917910258951675,30.0643942904438
373,224.28166905043315,2.001222900203489,0.4115783480529421,26.600877866425147
374,218.8686430384656,1.800073189889441,0.3349191600979473,28.10134269959783
375,216.7651886207769,1.9700191857507328,0.3895024859632353,28.67375811354991
376,302.39942307462456,0.3059126584652516,0.0767416617239477,20.19099975615313
377,345.28040180837576,0.1987553468225557,0.0574256901013548,17.5958152589797
378,263.01671983113715,0.5725153693651083,0.0993430023692909,23.12388143046597
379,363.5971106014212,0.1965506016479031,0.07201683639384,16.57497953600827
380,332.5038957947291,0.1250515566553356,0.1247596553669549,20.57108571644993
381,372.54566043620446,0.0930019748993531,0.0964417480331634,17.720898445410302
382,386.4434912889385,0.0888075331366364,0.1139969167917567,16.656841687246448
383,300.01670107013143,0.1862544681287216,0.0875122751098205,22.436026894327
384,367.33635858896446,0.0939523249226637,0.1483930569457829,18.07304533575843
385,416.8299262007797,0.0574737695002752,0.0397930666500483,16.295366382081625
386,384.1599306193242,0.081306103884467,0.0553525944249209,17.223475974644337
387,350.65620789246964,0.1062769965523429,0.1178544218905514,18.912684214033177
388,225.5118961063712,1.476526947412472,0.2192056247383316,27.46295767850654
389,319.2970107506369,0.6862145093444583,0.1607203721677701,17.89307680045281
390,260.96102414532953,1.0139170131301571,0.2128511636584219,22.225060597833487
391,251.61561154049883,0.8235969667332321,0.203999786005567,24.059241185815075
392,332.6906317922357,0.5600443232765554,0.1405041189863137,17.53355557240355
393,221.5045057996469,1.587903617799613,0.1933164238394051,28.65343809707614
394,341.2706044644316,0.4485630910639159,0.1891198097868231,17.168421990748023
395,215.64216125753603,1.756880085008147,0.2079110035049315,29.957194069015248
396,221.7197003459165,1.5495792548549376,0.263728921586323,28.500283886071003
397,230.5198573033205,1.308820995709569,0.2219112270736017,26.343324601274983
398,235.3969128147658,0.8913357561504014,0.2153484411281931,27.604750179165016
399,240.64504297365133,0.9073155460290044,0.2418288059572778,25.70404710039657
400,247.3942767101836,1.1053448809817303,0.2031651472128518,23.564895965443853
401,311.88296855328684,0.4911307252033099,0.1981845451595429,18.8010754003025
402,229.1355354283689,1.2820205313969266,0.1908672622127647,26.60321117960313
403,230.00097652688152,1.2571151404324792,0.2743721545977793,26.965421588188946
404,259.8674290763986,0.7883432441123749,0.1559212420634965,22.700419126616247
405,375.0784652090726,0.2122851882482267,0.1221136633656756,16.015591088143935
406,372.610468560079,0.2834321416183096,0.0991231888241207,16.01554166309482
407,220.494852961687,1.6477473215462566,0.2485084551154394,28.499912317364256
408,225.30889573859093,1.555254153684882,0.1777471965230559,27.78522938415179
409,311.8848278027628,0.7465295499670345,0.1316869124122322,18.473443454518275
410,228.99855885615355,1.2138457805795455,0.20164639732509,27.346078023194195
411,230.51043131004803,0.9963211797472308,0.2015643668693999,28.1985206779631
412,294.7458160741813,0.961199812627188,0.1793545323452063,19.53711667272074
413,222.07003330843256,1.57903180831983,0.2410021862244119,27.81018061090837
414,312.02917257454294,0.2211429352651264,0.0932478919707292,19.82685080482053
415,337.16132241517505,0.1719691194801146,0.0836173386825557,18.351609475636216
416,291.48035931229106,0.9788663963274096,0.2050291046885373,19.61460603322973
417,358.07788743185733,0.589343066087856,0.1208315414919133,16.021611302278696
418,243.55932174858447,1.3069953862843962,0.1844127241850047,23.87642130241372
419,309.1806787863706,0.8470982590627906,0.1849816293278178,18.48677913909186
420,297.70015278501785,0.6434008840148058,0.1481007464003852,19.384043695168632
421,330.5827870225051,0.5941635762515113,0.1028779561736153,17.373330284837785
422,364.0113732374054,0.4488140129688934,0.1283935617696873,16.005864999951065
423,227.6153765342989,1.3131037403205716,0.1978300451839764,28.00464513359724
424,246.27407543025083,1.1963319474345095,0.1638832510215689,23.75158573272422
425,287.2884801512603,0.6959432248845401,0.1289618011845402,20.20026897846101
426,390.6256817345047,0.0663993913097813,0.0793174201572035,17.323403537924122
427,263.3761308159259,0.7369771290969986,0.0883020391486982,22.88325236108779
428,330.0728056162999,0.3393253343697382,0.0431311444522962,18.98162784126216
429,285.739754555946,0.3496190775870641,0.0772244545417618,22.45262870508886
430,232.59806211208937,1.6182410337931583,0.2830063185476802,25.21566291409364
431,232.8185828157393,1.6177537967857432,0.3037748976331438,25.134362042410032
432,210.10750859115697,2.3922222031479894,0.3421021253117561,30.66910260300955
433,216.80745443916703,2.156576370923794,0.3525848358602346,28.26513868045647
434,231.1607887182905,1.687194762129354,0.3217909865311406,25.40716135367694
435,221.2970143542641,1.725066547575926,0.2765180607494409,27.537408805745933
436,225.2529196889293,1.850601883904639,0.3593484188773044,26.40913512692
437,227.1476165856556,1.6474460955235124,0.2544563032381559,26.10507626453369
438,219.7782795511502,1.780007736325988,0.3125466006324155,28.121879969049875
439,207.94305102183367,2.6739319307615323,0.3827795596631184,31.690812589228383
440,212.52463873985764,2.361507694860182,0.3392172318920467,29.54406531145697
441,327.0272217974399,0.3837415291946501,0.0663649876813105,17.999924768051873
442,257.8704352642747,0.7103477290744581,0.1113177024391743,23.53280890952144
443,303.00776605089,0.383492859656599,0.0857620424414054,19.47377940136633
444,300.7497250801619,0.5206451290156137,0.0886086515725696,19.43738685438916
445,290.6808178816861,0.4864731778228589,0.0834709099244789,20.34802929591916
446,275.81989560453485,0.5291813544942219,0.0874088594860063,21.944099229587195
447,362.3338334001874,0.3449212574780419,0.0762629995797805,16.273644010754
448,342.84994238013627,0.3055191997461985,0.0711060632165519,17.27644337203938
449,322.14546990576457,0.4009660777065205,0.0896029550850217,18.2394139863461
450,394.15249839107366,0.268537323077707,0.0385061008898584,16.001040444190636
451,371.780841574677,0.0669234622430981,0.050921914913188,18.857164066830304
452,226.76690832446565,0.9850036438320744,0.1993561156023557,29.3591512217964
453,231.6237694038458,0.8008543216062616,0.1766701496310187,28.914408026885773
454,231.75634089708203,0.7959014920452732,0.1569253062632208,29.40129610238102
455,261.7927398404069,0.3205724844021025,0.1049823914947263,27.265105742414683
456,237.1993904029547,0.6374870601788769,0.1516708683440535,29.7762252921082
457,242.2319082605711,0.549403447110481,0.1590992192880299,27.79999455728337
458,235.64066399209003,0.6783832267638614,0.1613291869752091,28.597981041497064
459,219.30101789852225,1.4111832294067317,0.2150281436858351,30.358792515463904
460,237.20555475013805,0.6904357514806134,0.131906607241464,28.71797535570477
461,265.8874900363262,0.3085333406178651,0.0871287142387784,26.3217305387107
462,371.4969049506904,0.0892293355116245,0.0422856946223314,19.70583039275028
463,385.95313537046405,0.0833137413863102,0.0403537289259624,17.790068071765326
464,231.7863970273425,1.0672635686308256,0.1343785935086514,28.310660102565883
465,237.37628666376108,0.8519614851308295,0.1135569852162529,28.723012504367663
466,229.9574693387613,1.0085853944293848,0.1441570782878423,28.99069274035937
467,237.54949193417343,0.7733091169575654,0.1300797589978085,27.514837129782915
468,215.0474781899055,1.65154598136474,0.2104809245793484,32.47603133638303
469,213.24480042796435,1.8266761779949188,0.2103643891590137,32.01200835880091
470,260.526785649849,0.4699756177116606,0.0751625701570663,25.947085024138023
471,264.7075335943321,0.3442963929464602,0.0811246414290703,27.20588431014469
472,211.8718014930033,1.8333060386212483,0.2573507642805102,31.526990576080888
473,259.5751938692195,0.5089594802518932,0.0798446255248339,27.96879338170726
474,299.55896965703977,0.3024706566017657,0.0489796271866903,21.75099486197766
475,220.37255958764248,1.7304691842940287,0.1642686477222089,29.79849825246837
476,259.48236624544205,0.357440752521393,0.1182898036652026,26.14988110128917
477,223.2388768792616,1.2050694955761865,0.1947316509009711,29.553922378977123
478,276.66700355557447,0.636981294105951,0.0521915912000039,24.46635521272048
479,294.1660660308087,0.5175276826074583,0.0464510135967968,22.32620399064814
480,222.65970814763887,1.6667976966797975,0.1443960116476642,29.86394515257129
481,242.2111460120157,1.0370905283779108,0.0820800621488859,27.40480629544902
482,770.0725091640728,0.0178946434714352,0.0371747516457008,16.000379672883007
483,297.4087377605835,0.2046766080599836,0.0580333364461785,25.14089413936781
484,226.2240981157782,1.157454250857418,0.1636353628048833,29.901442938359168
485,239.7615252333192,0.9600292246098554,0.1107073193214457,26.07688914914053
486,235.88111516468075,0.9269446510220124,0.1224471026430568,27.935028189356228
487,226.9479600810774,1.2946396818497008,0.1309395569789074,28.948359584017187
488,217.93767688612604,1.5422642111571452,0.2212605011589593,30.12261300152209
489,235.52921280239693,1.0052802748398475,0.10811661995173,27.5892029632811
490,404.7647730969475,0.1165156996425379,0.0360612468194858,17.0500981321481
491,445.1363224553606,0.0870734326969187,0.0354081511072078,16.001884948181043
492,433.06925409104537,0.1122754493331143,0.0583342532189988,16.000002270629558
493,295.9176505548271,0.3423942039623491,0.0671266622893343,21.465250730913365
494,271.6853244370915,0.5247253344697618,0.0758316877367092,22.73317695218985
495,260.53216473315547,0.5964680803563557,0.0846756604569882,24.575848312306505
496,386.560278647197,0.1226474051393129,0.0438571764092187,16.10046832887719
497,345.4100768152182,0.1218166304496863,0.0496468115195733,18.467866624010284
498,368.66530074129736,0.1498763889699365,0.0537610175202718,16.61225253085579
499,426.785469287766,0.0550890790241892,0.0798482082543695,16.009721027908107
500,250.0460644761808,0.7049260794602693,0.2046309772399553,24.952179127850904
501,226.6499832625173,1.2999994435201685,0.2739387835505067,28.159601270689723
502,232.0148437154509,1.0256347608766865,0.2201841996616439,27.809391412336343
503,210.43782026800884,2.1047073198375323,0.3387868827672222,31.61627556914659
504,229.2433240778481,1.1896624065412884,0.2581825472116874,27.97937628627993
505,210.77171180468687,1.9779148173181007,0.3276646867003842,31.8103923845367
506,219.5281647472013,1.4357529965128664,0.2814699689829288,29.561186683175244
507,212.3343558316516,2.0626212428164656,0.3967750621178355,30.41011343923171
508,209.9290776549913,2.304402415610545,0.4202515411805929,31.39378920346954
509,210.6183097275894,2.180990945738249,0.4025174089689173,31.43844097541873
510,213.7284879600252,1.744583988631013,0.2765753053170107,30.8582843609964
511,799.9152346688907,0.0160491955580658,0.0404186725043798,16.000135842742047
512,238.4963946154469,1.0559521592246488,0.2422764303978087,25.501784782658945
513,223.41954224344343,1.3903772445461,0.3026622884766755,28.928463070430645
514,205.88534407373947,2.667102309339392,0.3634046710952375,33.32018771680253
515,239.34605436976503,0.9274714637929132,0.2204743528047105,25.995101334729704
516,214.12299260662604,1.677718617201879,0.3073330754818538,30.861140809967488
517,231.7705027539888,1.0957430468377252,0.2405109495058378,27.142172130507547
518,238.0666000109493,0.7535217876160848,0.1573695643589857,27.24233216421652
519,256.8901734571381,0.3393909284319051,0.1265640340430143,27.402568502419413
520,213.93278992044253,1.541349831930213,0.2464854827079068,31.24252192893069
521,233.1096851490854,0.7059716004429091,0.1709344156690144,29.90778158866277
522,477.18362977931656,0.0275685304678756,0.0408960758903766,16.037924254701828
523,222.79761435412664,1.0523951605621644,0.217056733673101,30.1672966856567
524,204.8286647249488,2.745379537648745,0.3384880778303242,33.91734781055417
525,419.3965273297189,0.1987679772402261,0.0328303653026166,16.03147056624846
526,497.25610695068383,0.1287472625996866,0.0315517898749623,16.027245692363064
527,279.0009873557772,0.366579175910681,0.061024372572747,23.489074030842552
528,259.3770576443629,0.5940013274755929,0.077520246401011,25.506442408204435
529,379.9181961697017,0.2783602190330959,0.034807336825751,16.803066778298536
530,265.949450459197,0.7053654015281241,0.0584040752187867,25.86314944899125
531,216.27372444197417,1.3823762779737765,0.2398622756500879,30.818234730554103
532,226.57755360295928,1.3294610101879,0.1266596595267206,30.575393703861835
533,256.50869288714455,0.8615103871770923,0.0657423386762983,26.517528083547944
534,211.23594797534045,1.749264413937926,0.2681423305632182,32.20505526887568
535,209.96685290275607,2.219245451797653,0.2283601732843488,32.675787420021045
536,224.5481341696872,1.4904411956323782,0.1365709632717168,30.49293923878336
537,219.26765204819944,1.684490257774263,0.1663231173004291,31.969985920486035
538,239.03499017821093,0.5959301474840408,0.1397750213934319,27.892688271017185
539,212.04175542546,2.040122131170349,0.2145652309513057,31.89194421886997
540,661.3411783667399,0.0209058958815969,0.0335833612362262,16.013713291214486
541,235.4319598837513,1.197936375453294,0.0981144711631784,29.665318266420744
542,231.060802578154,1.0792709281096344,0.1176794424988346,29.330189762170544
543,219.8494311252624,1.6200912657621656,0.1638607130160254,30.792061941423576
544,223.11656372676097,1.605479967160149,0.141581462971464,30.98615910051465
545,224.99641772266853,1.5861225015893043,0.1343725286459707,31.802063914197173
546,342.5161058861953,0.2739032506204079,0.0407534474323736,19.887557299631982
547,287.4972451126518,0.4896445367615527,0.049859056945429,23.910192967281954
548,325.15734334611034,0.2724822488763304,0.0431578372626449,20.54594460525204
549,504.91297221114667,0.0273359620568036,0.040188078006673,16.68203856342344
550,256.1010418365488,0.6159691655347675,0.0813733415039886,26.977296439924267
551,276.2162932193629,0.5053443351840557,0.0576145036970381,26.51941691895664
552,210.2564964520185,1.9738336696775045,0.2485311925321024,32.946765299079864
553,246.1327873893807,0.5398966871919288,0.1201759563582852,28.59594834755772
554,207.74372517229685,2.2331748045934425,0.2692539361569598,33.93974609777526
555,208.4685916017733,2.1095771528497336,0.2808702253790883,32.83270373465532
556,241.37237637084945,0.6111802309938357,0.1305333752089287,29.639743215421987
557,212.17753699174403,1.7698977887416163,0.2352826245711005,32.61184607269375
558,630.4053571949676,0.023485541168643,0.0352074818990034,16.439215437089686
559,220.7872987207185,1.276067537600803,0.1925248786488576,32.12978904583768
560,209.17307800467617,2.02432838647435,0.2648957592440432,33.39834807690379
561,225.0613762235301,1.055261744958116,0.1843699593843002,30.09463077885768
562,224.17624595389265,1.3584547512659657,0.2393674574890454,28.85182303652542
563,217.80950893491428,1.555032526257779,0.2676600414286852,30.02659650028606
564,507.9386116140558,0.0354746061226524,0.1043565109186707,16.000000077564916
565,208.3258924682216,2.2142992698790427,0.2998600609315953,32.49906654451252
566,214.82402118334247,1.761874951210049,0.295413971914447,30.32448187184114
567,243.93493324211389,0.7180834936553286,0.1790140478711564,26.50324397897372
568,210.40967764425824,1.989406853172887,0.2900610440428234,31.70328888516943
569,219.80721720168737,1.470999464765396,0.2511439476482389,29.649808005927248
570,207.5901716496961,2.35206941324864,0.3410656003092248,32.620463355351106
571,223.82836935529247,1.374680465852326,0.2698496273472655,28.940691239025305
572,207.8460654316389,2.2651385602979666,0.3231567378559932,32.638809429637135
573,204.8525356191708,2.8462112340762498,0.3823182891490466,33.85167498154482
574,233.6324694780167,1.2155841030195744,0.2667590341866006,26.121848717913
575,206.61682749825067,2.4671241804413384,0.3452921731232061,33.092092782995564
576,211.9695659783539,1.842343052200491,0.2992353396703208,31.35772567866092
577,329.276846976595,0.1747901258504319,0.1277215247713621,18.89678811275545
578,249.60956851697105,0.9597916049901948,0.2112067928367086,23.755543303052946
579,306.3300797044267,0.3335037515276165,0.167155199581588,19.30539940565465
580,230.41437828284484,0.950920409315524,0.2442238569412313,28.58250295763384
581,264.5737473645086,0.4688727992617501,0.2078869470677037,23.11650971572445
582,287.8475369946278,0.2287533379576882,0.1150594027872103,22.72089565491913
583,294.41325000116626,0.8407953432773577,0.2391186497110983,19.551153727237832
584,303.4451312797882,0.1940987812907824,0.1091030305408094,20.85575243421989
585,329.6840818615322,0.1478633115629553,0.1099128003204911,19.35376187661008
586,204.9387486721785,2.8419183467149267,0.3133938006580091,33.953370835331
587,229.2625695494077,1.0947052848887149,0.2171588584416447,28.579285713183616
588,238.12878804290364,0.7372680306269714,0.2107836391885607,26.517703141976057
589,246.3563519267173,0.5684880142236601,0.202179712452819,26.44634184222275
590,272.44736096374226,0.5031406087115251,0.2342288651257524,22.11606297836748
591,251.907749584468,0.7927339091971881,0.1737411949735295,23.98856099748897
592,258.27469462751253,0.4838565883949167,0.188055988401732,24.26397816681265
593,249.7804699426924,0.5455820623876144,0.2204737893634957,25.44235954386234
594,264.8387287093868,0.3781537666604476,0.1648169298957088,24.15415013693046
595,247.37013759172737,0.5435457135710049,0.1738943434725998,25.615619285648503
596,257.4403335719622,0.4203295741455068,0.1634967607233437,25.07454909110099
597,240.7060310178212,1.0468321732312065,0.192644889525998,24.662338059954283
598,309.77132006073066,0.2436996509413277,0.1514353327405482,19.912962613202087
599,204.9560431356225,3.0163787794708528,0.4498028844372361,33.713712733202016
600,282.9397447458997,0.2808962577100923,0.1571005260227372,22.223928732899346
601,205.30398603351568,2.8615599865047923,0.4322616930007699,33.57785069380871
602,229.61332075109453,1.405607448975836,0.3279234027749194,26.306031353465983
603,246.36111558776804,0.9323533949198968,0.2300205071098101,24.43947306822528
604,276.9697241786924,0.2956422879796401,0.1467000356783372,23.14826827725596
605,219.85884367748864,1.312041868414123,0.2625131173135155,30.120209272086186
606,255.33470300605623,0.5731446616096814,0.2086491701102178,24.39842157466673
607,268.8761316899002,0.4482668435709635,0.1870912552520265,22.56614374799683
608,270.8005823026635,0.2997862984565222,0.1282202740795642,23.759204267410144
609,278.9085396042112,0.7839636753294288,0.1744041765959107,20.774620256345266
610,258.2706355211164,0.8407394730894754,0.2794249885914698,22.86565140927244
611,326.29728614207306,0.267719435040853,0.1430971389476735,18.428379538445817
612,278.5746209575185,0.5546954512343146,0.194524691811615,21.40215223366065
613,257.727392474649,0.7852207423477131,0.2239062913313452,22.947950003154407
614,278.0012555127854,0.5730376938641683,0.1611251248164693,21.13188745355008
615,362.4008462931114,0.2882306151848415,0.1738002489671026,16.213875350813268
616,295.4508821464207,0.6142546724924807,0.2167827869704145,19.680837880141446
617,273.5759615290459,0.3151133085442829,0.0924211363953049,23.23112199709193
618,319.20570727939105,0.5072108131567029,0.2414192038294849,18.26076878248049
619,299.4383821896898,0.5962368702916304,0.1948738408519987,19.35875961100291
620,276.85900761311547,0.5465950244476435,0.1235216899339939,21.55125672297878
621,339.96016416647444,0.341504955445574,0.1494526344940573,17.294148877765615
622,295.3183658872725,0.4124962115376169,0.1188907311546081,20.00771404994309
623,251.7918377580506,0.6412680683093881,0.137628859508414,24.561178355052405
624,268.8939695852409,0.6090721454972046,0.1491462841558669,22.38637148042081
625,291.88567575052696,0.5485404895805339,0.1927778131777607,20.177936683845743
626,308.8766996636267,0.5959187249029931,0.2562844010719267,18.824696254904527
627,265.7067518229788,0.355099073421507,0.0859914594318767,25.26272170492096
628,287.3763499860576,0.656769085464783,0.2453996585752852,20.32628533848804
629,272.8653676348855,0.318713114810033,0.0956114723510851,24.2278510091264
630,356.8718623814689,0.151250530035964,0.0828464678106417,17.309825457403527
631,289.9218059971268,0.4058579283450915,0.1571025516527172,20.805976404665937
632,276.3375975079447,0.4492771939436186,0.1711495705092708,21.86079004065993
633,268.54288628868744,0.6385441492632716,0.1996619860541018,22.158241020692728
634,326.2722320978499,0.3940491514245262,0.1978930942238516,17.937518999909276
635,296.8856340098919,0.5909875149003727,0.2644063294732264,19.635381449390625
636,293.9518304971294,0.509398083214878,0.2440691934909135,20.05961835970101
637,264.5043700797163,0.50643922845337,0.159829834828571,22.999775902326267
638,256.061369095035,0.6638834448319823,0.194551156151608,23.665088412214605
639,270.5196118413603,0.8110536305288587,0.2725839823745682,21.63247881430432
640,301.8446662477411,0.3986713571251962,0.1833099539756964,19.60856591802808
641,299.92066074007965,0.4250817951762348,0.1413288437754264,19.61614847137948
642,242.3304880411535,0.9689239830548992,0.3169206941154972,25.02073560529365
643,316.67887102678765,0.3775672565016998,0.1838759771975629,18.64170040523298
644,293.1005040793897,0.3524058940482154,0.1061020665065878,20.61730680208923
645,370.0414852517976,0.2092836499080222,0.1524526066639173,16.147317125571035
646,241.9252275550405,0.6515913893050119,0.1596762720616323,26.56633334511277
647,355.14932395850286,0.2514600629051738,0.1342661755462429,16.721662929692243
648,285.9741006172574,0.3985554376381828,0.1322873986898693,21.36245653744121
649,294.88193652675045,0.5077693652326508,0.1633292245818585,20.010945438476544
650,290.9700405904639,0.2806312871753988,0.1705329835867629,21.479682019501908
651,333.54953457296875,0.2679593693402716,0.1808005991020172,17.862531930974168
652,273.20861755218846,0.6041180570251565,0.3028408442578241,21.89001221808389
653,285.30845519324447,0.3309838762658952,0.1945626523759395,21.55420811680346
654,325.82206418649025,0.3105344478375235,0.2251957354617843,18.187208425814863
655,292.9999139575364,0.2459392498587023,0.1330531585276435,21.57487358200822
656,303.0773898606375,0.3089942902948073,0.19816153215061,19.99477105621083
657,240.4642690745894,0.7733115430636452,0.1435533484619262,26.254270483663987
658,261.6100437874184,0.6368797176260204,0.1690647503074547,23.06944869653196
659,268.17170358381844,0.6750233903239297,0.1710915959685633,22.087474710853584
660,322.4501947582812,0.4066176581748042,0.1639569236111445,18.118616504996787
661,260.3751779184426,0.5004800535037748,0.1391722984983963,23.78960644598892
662,303.46794290747505,0.2602131856240362,0.1364933661025505,20.48288098219077
663,255.3359296668364,0.7641350287497476,0.2260412338776415,23.834599732622223
664,285.8864948872797,0.5236134148697495,0.2203408614287145,20.723506488488376
665,274.7878296300324,0.7053491148934519,0.2291600516983746,21.466235983846204
666,261.04329801704824,0.3662592938394365,0.1142367671838096,25.195425840083423
667,253.35946612844475,0.4966424001640126,0.1107280341003723,24.90719066597948
668,307.50855979269573,0.2896149158403791,0.1143223493335579,19.741701949728537
669,363.5274107097731,0.1640296559801987,0.1073501935786524,16.874937712917138
670,233.6750267515548,1.0533567334505685,0.2772694996852649,26.889689734761635
671,281.42151107775817,0.3074723821683115,0.1091757455495067,21.77540735575152
672,271.88076080956927,0.4913846901263844,0.1310108237079434,22.27655054847305
673,268.5683445554919,0.4039359378523248,0.1096229603396481,23.766604832289293
674,248.2779749390697,1.0862062709520202,0.2422364424939682,23.60582915355108
675,211.86051612604567,2.4979990908624017,0.4153587906984987,29.68729001070804
676,213.370709545578,1.778757204023662,0.3416291548405619,31.07975043864941
677,209.9528718425986,2.3303025077323856,0.3621972717945356,30.791723423934705
678,212.70411848773657,2.036782532853884,0.3401914974733366,30.14666337827965
679,216.4673457619068,1.8150583526497943,0.3265564062382399,28.87669310160913
680,210.7072122260797,2.616824101238505,0.4202601951380518,30.118831776293632
681,209.8719485252693,2.147533825267097,0.311187963546811,31.514012824653364
682,213.4646989142234,1.894894284786894,0.2866356760432869,30.40297628865718
683,218.18491714484333,1.8900032157696087,0.3607949700760589,28.118140704533115
684,210.4265617879399,2.386186169779968,0.4087506296737066,30.40904981461348
685,215.16422038475287,1.8368866097061056,0.3727016349339633,29.564308242432222
686,219.3928881038448,1.5872885541148962,0.3583497979386392,28.650364590064783
687,225.7635117942665,1.344605209765091,0.3281634576347158,27.4198113774982
688,221.46223714704345,1.823148498990534,0.3618373655646372,27.34268506855216
689,209.49054174526523,2.615350348395186,0.3419836886623709,30.93481712247832
690,216.8499086208176,1.961791406689701,0.2677544896127828,28.2748810849416
691,219.42300032655004,1.516560197269615,0.2311094037098456,28.559783194778465
692,222.4823752521202,1.646561720157969,0.238927620410618,27.06259388644597
693,224.396727055948,1.4442853548115744,0.2354585572332631,26.94526858176752
694,233.3204426801884,1.2671823208812565,0.2250155756900773,25.444274390943
695,206.91911921242675,2.582949573654961,0.3623033579526625,32.28229158275851
696,207.2836490102587,2.4251956840417948,0.3593298138083245,32.12464920379698
697,226.7606953404863,1.3957036534602487,0.2610260416464248,26.66258728357464
698,209.03728557344505,2.542111986684126,0.4256692421839887,30.95668903955996
699,212.80221720889529,1.882363208331391,0.3182091793582177,30.397374512287826
700,215.0216508816717,2.228990219469293,0.4077164586849141,28.79690769397813
701,232.66317592425816,1.2843888227246758,0.2921790141412445,25.850744762361657
702,209.82638681396764,2.620648338556237,0.385643639183748,30.576811221579376
703,213.28290877876253,2.1685989153889693,0.3355506685550066,29.31161535665249
704,213.78714772611056,2.2743421371951413,0.3624508731042277,29.05179705291525
705,209.68630512181497,2.320557807830324,0.3795694711241214,31.220401160462192
706,212.95178620482127,2.370831523834476,0.3908591959658218,29.348330037128488
707,217.2499673224364,1.6421748315966564,0.3108798092806516,29.477009133191224
708,209.3611238076969,2.4081965540183465,0.3963882907976131,31.22829751749353
709,222.0926768805064,1.5680614615972162,0.2934559457410448,27.467019714236567
710,231.0837701472909,1.4061646735649338,0.2561184054229884,25.717479846734804
711,333.0013788400649,0.1467117028222361,0.0459403506007788,19.56690422207349
712,262.23763199969585,0.5316515477754812,0.1135627561454549,24.05917748322439
713,409.0609001197695,0.0715497738705581,0.1216876344930804,16.00675125285483
714,491.18076845522864,0.0323691268739908,0.0815034821423222,16.00020497750967
715,595.0509048422142,0.030205445732685,0.0348597431376689,16.71944249131469
716,319.4428876616886,0.1390137196846712,0.1456582860708287,21.239350630840203
717,366.006400115496,0.1841231230570156,0.0392322067427381,18.48735099743872
718,411.3085195539516,0.0586357495885346,0.0593388476833009,16.648257088367266
719,204.5801888304868,2.9043370495256906,0.3312940828202429,33.85716137999623
720,304.833017231564,0.1281639088623771,0.0766590310539753,23.387049659475267
721,246.0002708550848,0.4543405468200165,0.1470410235433737,28.597877879882333
722,225.05350555515187,0.9490820627741746,0.2029538529149707,30.836336384774043
723,280.741602292045,0.195711445512836,0.0962997522989026,25.247763179836724
724,221.96361092248404,1.0736162830739595,0.2313644449182042,31.289470719558267
725,205.5638578008271,2.439188170740016,0.299541229966812,33.443220687390166
726,205.5784292406912,2.437101042510601,0.3291192352316676,34.2845906369903
727,204.10797907349905,2.768057921613281,0.3637477866565202,34.49127738151126
728,203.83911932378228,2.975113994213869,0.3891313271070112,34.315007792978285
729,240.06265498274465,0.5494725741947721,0.156356665866764,29.054741202163843
730,420.7053350210748,0.040141978129032,0.0492904117177655,17.70178604406997
731,217.99303330032407,1.2599472472477546,0.2312099900062962,31.710654467284268
732,220.181549662898,1.162263320871197,0.2168059103265112,31.14186606548367
733,349.1474225940377,0.0753665321803439,0.0573986991279605,20.92313485782737
734,294.9487889160567,0.1500235533134958,0.0749932117939766,24.60701897623987
735,438.53069214119256,0.0355074865676384,0.0458969157931092,16.90025577876148
736,270.88620578783167,0.2433825340915731,0.1079685943622156,26.3727081843032
737,216.1814687025012,1.3653445171179728,0.2469146736304367,32.05400595552176
738,234.44462564243688,1.0870183034401355,0.1046987075918359,28.58640994321434
739,228.4470564999952,1.231324093138512,0.1339278373673632,29.79909120682679
740,267.9831708706443,0.5744139802347409,0.0609488667499696,25.14695885878708
741,210.7964883133355,1.7945292924297829,0.2651569333166498,33.12154675502179
742,229.31895366231325,1.1936030020818935,0.1262460711629624,31.516948917620056
743,216.85568733837232,1.681319343151321,0.1909996574698139,33.03663875371777
744,244.35340438260369,0.5740574694834423,0.1070903296320988,27.57812494887964
745,218.8912483432493,1.458777703294631,0.1920509806477746,31.93722368318887
746,228.0705296820622,1.0950004920013172,0.1446865401765929,30.27545240265784
747,244.534700506274,0.7277035024377474,0.0964977491949119,27.67910096873797
748,228.88086973639992,0.948036566766029,0.1790249036195711,28.870884543537507
749,251.94786232816287,0.454980948704753,0.1011567145962747,28.15229558230074
750,234.1473483683894,0.7735197325771942,0.1376101955285073,29.934737726760886
751,239.60041311497764,0.6991087638486845,0.1102708510851735,28.413575654818903
752,249.48171386758,0.4654306411759055,0.1198404944407688,27.626760851241123
753,238.11250536319884,0.8369965908949631,0.1063348097244695,29.9074782631734
754,291.5497863630354,0.2204019279389119,0.0597658590090466,24.127325200869773
755,254.69184139597263,0.4332109830476856,0.1010600368111775,26.5439454981624
756,233.12734276116447,0.7754473733310983,0.1624414678099351,30.805937368755863
757,231.10279496877536,0.8629836142595082,0.1470516401889511,30.77938341674757
758,232.3496682012245,0.934453966835694,0.1275757755960519,29.974395724945467
759,230.37721250050976,1.0064506661631565,0.1333144667471382,31.30033758692393
760,223.7136879903925,1.232340589653702,0.1726445515533175,31.162604849867268
761,225.59538445719048,1.2069210953600968,0.1533510809558259,31.30290943235411
762,225.07200320326515,1.3139436307502528,0.1431777027961453,31.80340398394236
763,238.35983142819447,0.733261472855534,0.1143175113622426,29.401778821642505
764,205.2256802432884,2.6192183301007765,0.305032236615317,33.58383519230868
765,205.1326542185514,2.589737040736189,0.3239983988583306,34.00470410993806
766,207.80174205899772,2.116275727520787,0.2939839334269825,33.53184664047548
767,206.6377733416634,2.292827308881697,0.2996862878563886,33.79501521422917
768,211.7067662030742,1.6945193004282428,0.2902323614200177,32.42139604784859
769,230.024901978426,0.806274843317213,0.1950486744902836,29.784050855424145
770,244.2257244038812,0.8928762743108752,0.0835111383645003,27.11755851708017
771,215.73177361038404,2.034875748603389,0.1874916901782919,31.36316270977093
772,231.27973610076688,1.3739947178995775,0.1076447348914696,29.576010377774548
773,207.13688404570888,2.4177859684514305,0.2759339706468325,33.23070327608054
774,468.763654798438,0.2378823705629571,0.0310823581966932,16.001035451664613
775,523.3042496847529,0.2334962066160027,0.0302415173299392,16.00182771461755
776,238.5019615451084,0.5892441843746468,0.1747334853575682,29.09391981001184
777,252.20869107614976,0.9474024954337064,0.0686885432576527,27.8565996408882
778,246.5932986996596,0.4506363720439311,0.1413418268260186,27.432513668260263
779,214.0027804038253,1.5142401518213655,0.2683562727952873,31.99389633223549
780,262.79172298809846,0.7193053031349225,0.061760180106767,26.959576562709696
781,225.1695855755543,1.7428031329303304,0.1298107320885667,31.368436927375416
782,206.2689900072943,2.588657080798689,0.2867245881735347,34.04351489071099
783,212.9187175919309,1.5979540897308588,0.285468210962636,31.806878435448183
784,205.45841047271287,2.7539404189311387,0.2971447916341188,34.15528360450213
785,227.67379815805688,0.8886272261330466,0.1827020707524675,30.519901051625688
786,216.4223785336439,1.801926520267643,0.1803104727031446,31.424179376373623
787,209.44026425829347,1.906292840912441,0.3040009749755127,32.910155805897
788,213.95488711943915,1.5797222043386208,0.2226176320943983,31.73574281247271
789,224.3722612797684,1.0767966273104017,0.1813595251908231,28.60826973391409
790,219.10581911245413,1.293271668046994,0.2026076728739192,30.763607486552186
791,222.1641778510985,1.1673408394519844,0.1919268774999268,30.614393715682425
792,205.03756054559724,2.6389866183138806,0.3514917941177509,34.22902457554897
793,204.2481048697896,2.8721904568587897,0.3479059390375358,34.258469458030106
794,223.6195867327013,1.1383165403936342,0.184000775144375,31.8223962598291
795,226.295662413483,1.001141935941514,0.1758012679438466,31.3287919047713
796,332.705490502036,0.1064933833156547,0.0511978912659762,21.989683997079744
797,257.97704705806376,0.7634431656711103,0.0692390472549362,28.29051629262958
798,296.064035544869,0.2926289174956003,0.0494955339913423,23.32756663837508
799,212.2166718308748,1.935444184831532,0.2208828538000747,32.95576465092442
